{
  "train": {
    "loss": 0.05087277193864186,
    "accuracy": 0.989010989010989,
    "auc": 0.9971104231166151,
    "optimal_threshold": 0.6088455319404602,
    "accuracy_at_optimal_threshold": 0.989010989010989,
    "sensitivity": 0.9929824561403509,
    "specificity": 0.9823529411764705,
    "tp": 283,
    "fp": 3,
    "fn": 2,
    "tn": 167,
    "mse": 0.012200524099171162,
    "r2": 0.9478676351525147
  },
  "val": {
    "loss": 0.07455802010372281,
    "accuracy": 0.9736842105263158,
    "auc": 0.9957010582010583,
    "optimal_threshold": 0.4279039204120636,
    "accuracy_at_optimal_threshold": 0.9824561403508771,
    "sensitivity": 0.9861111111111112,
    "specificity": 0.9761904761904762,
    "tp": 71,
    "fp": 1,
    "fn": 1,
    "tn": 41,
    "mse": 0.02342972904443741,
    "r2": 0.899307952605762
  }
}