{
  "train": {
    "mse": 0.25606927275657654,
    "r2": 0.9578241699183572,
    "r2_output_0": 0.9497214441889483,
    "r2_output_1": 0.974305360030213,
    "r2_output_2": 0.9494457055359105,
    "r2_mean": 0.9578241699183572
  },
  "val": {
    "mse": 0.26455166935920715,
    "r2": 0.953362969313362,
    "r2_output_0": 0.9488123425633277,
    "r2_output_1": 0.9746955044587066,
    "r2_output_2": 0.9365810609180517,
    "r2_mean": 0.953362969313362
  }
}