{
  "train": {
    "loss": 0.05722474423237145,
    "accuracy": 0.975,
    "macro_f1": 0.974996093139553,
    "f1_setosa": 1.0,
    "f1_versicolor": 0.9620253164556962,
    "f1_virginica": 0.9629629629629629,
    "confusion_matrix": [
      [
        40,
        0,
        0
      ],
      [
        0,
        38,
        2
      ],
      [
        0,
        1,
        39
      ]
    ],
    "mse": 0.0,
    "r2": 0.0
  },
  "val": {
    "loss": 0.08601093292236328,
    "accuracy": 0.9666666666666667,
    "macro_f1": 0.9665831244778612,
    "f1_setosa": 1.0,
    "f1_versicolor": 0.9473684210526315,
    "f1_virginica": 0.9523809523809523,
    "confusion_matrix": [
      [
        10,
        0,
        0
      ],
      [
        0,
        9,
        1
      ],
      [
        0,
        0,
        10
      ]
    ],
    "mse": 0.0,
    "r2": 0.0
  }
}