{
  "train": {
    "mse": 0.11390934884548187,
    "r2": 0.9920576218345553,
    "sparsity_ratio": 0.7,
    "n_zero_weights": 7,
    "weights": [
      2.6235055923461914,
      -2.0958399772644043,
      1.3465826511383057,
      0.0,
      0.0,
      -0.0,
      -0.0,
      -0.0,
      -0.0,
      -0.0
    ]
  },
  "val": {
    "mse": 0.17071659862995148,
    "r2": 0.989358697978992,
    "sparsity_ratio": 0.7,
    "n_zero_weights": 7,
    "weights": [
      2.6235055923461914,
      -2.0958399772644043,
      1.3465826511383057,
      0.0,
      0.0,
      -0.0,
      -0.0,
      -0.0,
      -0.0,
      -0.0
    ]
  }
}